Startup Name,Industry,Funding Rounds,Funding Amount (M USD),Valuation (M USD),Revenue (M USD),Employees,Market Share (%),Profitable,Year Founded,Region,Exit Status,Profitable Yes/no,Startup Age,Funding per Employee,Valuation to Revenue Ratio,Revenue by Employee,Normalized Valuation,Normalized Revenue,Normalized Market Share,Profitability Score,Startup Score,Startup Rank
Startup_1,IoT,1,101.09,844.75,67.87,1468,5.2,0,2006,Europe,Private,No,20,0.07,12.45,0.05,0.19,0.68,0.52,0,0.38,302
Startup_2,EdTech,1,247.62,3310.83,75.65,3280,8.1,1,2003,South America,Private,No,23,0.08,43.77,0.02,0.76,0.76,0.81,0,0.66,41
Startup_3,EdTech,1,109.24,1059.37,84.21,4933,2.61,1,1995,South America,Private,Yes,31,0.02,12.58,0.02,0.24,0.84,0.26,1,0.54,123
Startup_4,Gaming,5,10.75,101.9,47.08,1059,2.53,0,2003,South America,Private,Yes,23,0.01,2.16,0.04,0.02,0.47,0.25,1,0.35,335
Startup_5,IoT,4,249.28,850.11,50.25,1905,4.09,0,1997,Europe,Acquired,No,29,0.13,16.92,0.03,0.20,0.50,0.41,0,0.30,387
Startup_6,AI,5,103.89,1541.76,12.56,1462,8.96,1,2004,Europe,IPO,No,22,0.07,122.75,0.01,0.35,0.13,0.90,0,0.34,348
Startup_7,Gaming,4,232.26,1039.51,38.6,1404,0.1,0,2016,Australia,Private,Yes,10,0.17,26.93,0.03,0.24,0.39,0.01,1,0.35,332
Startup_8,HealthTech,5,109.15,630.19,64.37,3420,9.02,1,2002,Australia,IPO,No,24,0.03,9.79,0.02,0.14,0.65,0.90,0,0.42,243
Startup_9,Gaming,5,258.39,935.47,78.06,447,1.62,0,2020,North America,Acquired,Yes,6,0.58,11.98,0.17,0.21,0.78,0.16,1,0.49,163
Startup_10,FinTech,3,66.24,707.45,21.8,3655,9.9,0,1995,Europe,Private,No,31,0.02,32.45,0.01,0.16,0.22,0.99,0,0.32,368
Startup_11,AI,5,292.38,1665.52,13.87,4657,9.55,0,1994,Europe,Private,No,32,0.06,120.08,0.00,0.38,0.14,0.96,0,0.37,316
Startup_12,FinTech,2,234.04,1207.68,66.34,1183,5,0,2011,Europe,Private,No,15,0.20,18.20,0.06,0.28,0.67,0.50,0,0.40,274
Startup_13,IoT,3,34.71,141.02,0.29,4463,5.18,1,2012,Australia,Acquired,No,14,0.01,486.28,0.00,0.03,0.00,0.52,0,0.12,493
Startup_14,Cybersecurity,5,169.95,720.54,17.92,1262,4.87,0,2014,South America,Acquired,Yes,12,0.13,40.21,0.01,0.17,0.18,0.49,1,0.36,325
Startup_15,FinTech,1,295.62,2960.94,3,3639,6.39,1,2015,Asia,Acquired,No,11,0.08,986.98,0.00,0.68,0.03,0.64,0,0.37,305
Startup_16,HealthTech,2,141.58,1593.98,16.77,1846,1,1,1994,Australia,Private,Yes,32,0.08,95.05,0.01,0.37,0.17,0.10,1,0.35,337
Startup_17,Gaming,2,55.04,427.58,18.21,2314,0.42,0,2015,Europe,Private,Yes,11,0.02,23.48,0.01,0.10,0.18,0.04,1,0.25,432
Startup_18,Cybersecurity,2,145.69,1276.06,38.83,915,0.67,1,2009,Australia,Private,No,17,0.16,32.86,0.04,0.29,0.39,0.07,0,0.23,444
Startup_19,Gaming,3,153.98,1729.44,40.29,4345,4.5,0,1995,North America,Acquired,Yes,31,0.04,42.92,0.01,0.40,0.40,0.45,1,0.50,156
Startup_20,FinTech,5,222.64,714.35,87.44,4642,2.83,0,1995,Europe,Private,No,31,0.05,8.17,0.02,0.16,0.88,0.28,0,0.38,300
Startup_21,Gaming,5,209.8,1442.91,51.06,4014,6.26,1,2007,North America,Private,No,19,0.05,28.26,0.01,0.33,0.51,0.63,0,0.39,276
Startup_22,IoT,1,121.06,1776.82,72.37,2174,9.93,0,1993,Europe,Private,Yes,33,0.06,24.55,0.03,0.41,0.73,0.99,1,0.71,17
Startup_23,Cybersecurity,1,65.8,655.46,10.5,2177,3.92,0,2006,Australia,Private,No,20,0.03,62.42,0.00,0.15,0.11,0.39,0,0.16,478
Startup_24,IoT,2,193.69,1171.96,22.62,128,5.78,0,2003,South America,Private,No,23,1.51,51.81,0.18,0.27,0.23,0.58,0,0.28,408
Startup_25,FinTech,1,126.8,1174.26,70.32,3163,4.21,0,2003,Asia,Acquired,No,23,0.04,16.70,0.02,0.27,0.71,0.42,0,0.39,281
Startup_26,IoT,3,40.12,285.33,5.38,790,8.49,1,2002,North America,Acquired,No,24,0.05,53.04,0.01,0.07,0.05,0.85,0,0.21,460
Startup_27,HealthTech,5,270.22,2536.54,48.71,2421,9.03,1,1996,Australia,Private,Yes,30,0.11,52.07,0.02,0.58,0.49,0.90,1,0.68,31
Startup_28,FinTech,2,207.52,935.69,59.98,801,8.79,1,2004,South America,IPO,Yes,22,0.26,15.60,0.07,0.21,0.60,0.88,1,0.58,92
Startup_29,FinTech,1,205.11,941.98,60.25,4177,9.75,1,2008,Australia,Acquired,Yes,18,0.05,15.63,0.01,0.22,0.60,0.98,1,0.60,72
Startup_30,FinTech,3,246.86,1165.8,2.39,4159,0.37,0,2006,North America,Acquired,Yes,20,0.06,487.78,0.00,0.27,0.02,0.04,1,0.26,425
Startup_31,AI,3,159.13,2272.03,32.28,1941,8.41,0,2008,Asia,Acquired,No,18,0.08,70.39,0.02,0.52,0.32,0.84,0,0.45,211
Startup_32,Gaming,1,244.61,2885.12,63.69,2161,7.54,0,2009,Australia,Private,No,17,0.11,45.30,0.03,0.66,0.64,0.75,0,0.57,98
Startup_33,AI,5,149.68,740.7,14.99,3812,2.36,0,2021,Europe,Private,No,5,0.04,49.41,0.00,0.17,0.15,0.24,0,0.15,488
Startup_34,AI,1,20.62,108.47,69.57,1306,9.57,0,2013,South America,Private,No,13,0.02,1.56,0.05,0.02,0.70,0.96,0,0.41,259
Startup_35,HealthTech,2,121.87,1434.4,74.62,4168,1.57,1,2006,Australia,Private,No,20,0.03,19.22,0.02,0.33,0.75,0.16,0,0.37,309
Startup_36,Cybersecurity,1,149.49,728.61,98.2,3145,6.83,0,1996,South America,Private,Yes,30,0.05,7.42,0.03,0.17,0.98,0.68,1,0.64,49
Startup_37,Gaming,3,216.2,1257.15,21.06,3241,2.33,0,1990,Europe,Private,No,36,0.07,59.69,0.01,0.29,0.21,0.23,0,0.21,458
Startup_38,IoT,1,32.42,472.04,82.53,2357,4.37,0,2021,Asia,Private,No,5,0.01,5.72,0.04,0.11,0.83,0.44,0,0.37,307
Startup_39,EdTech,5,42.44,257.34,52.08,1937,7.22,1,2002,Asia,Private,No,24,0.02,4.94,0.03,0.06,0.52,0.72,0,0.32,362
Startup_40,FinTech,4,79.47,869.37,37.41,2726,5.68,1,1995,Europe,Acquired,Yes,31,0.03,23.24,0.01,0.20,0.38,0.57,1,0.45,213
Startup_41,IoT,1,80.32,1184.2,12.33,369,4.33,0,2003,South America,Private,Yes,23,0.22,96.04,0.03,0.27,0.12,0.43,1,0.37,313
Startup_42,FinTech,5,219.79,1646.57,73.58,4921,3.33,0,2004,Australia,Private,No,22,0.04,22.38,0.01,0.38,0.74,0.33,0,0.42,249
Startup_43,HealthTech,5,75.59,242.66,23.66,2395,8.41,1,1993,Europe,Private,No,33,0.03,10.26,0.01,0.06,0.24,0.84,0,0.26,423
Startup_44,FinTech,3,190.11,1127.31,37.21,951,1.52,0,2005,North America,Private,Yes,21,0.20,30.30,0.04,0.26,0.37,0.15,1,0.38,291
Startup_45,AI,5,148.54,1926.64,6.35,1382,4.36,0,2017,South America,Private,No,9,0.11,303.41,0.00,0.44,0.06,0.44,0,0.26,420
Startup_46,Gaming,5,172.2,2303.23,80.16,1444,9.05,1,2005,Asia,Private,No,21,0.12,28.73,0.06,0.53,0.80,0.91,0,0.61,70
Startup_47,EdTech,5,251.51,3074.01,76.68,3185,8.47,1,1993,Europe,IPO,Yes,33,0.08,40.09,0.02,0.71,0.77,0.85,1,0.80,5
Startup_48,E-Commerce,5,121.61,529.89,73.39,4862,4.07,0,2015,Asia,Private,Yes,11,0.03,7.22,0.02,0.12,0.74,0.41,1,0.49,161
Startup_49,FinTech,2,231.39,2903.05,30.01,345,7.65,1,2017,South America,Private,No,9,0.67,96.74,0.09,0.67,0.30,0.77,0,0.48,178
Startup_50,IoT,2,126.9,1779.66,17.43,2994,8.25,1,2021,Asia,Private,Yes,5,0.04,102.10,0.01,0.41,0.17,0.83,1,0.51,148
Startup_51,AI,3,106.48,1086.87,63.79,387,8.9,0,1991,Europe,Acquired,Yes,35,0.28,17.04,0.16,0.25,0.64,0.89,1,0.61,69
Startup_52,E-Commerce,1,287.61,4110.09,49.67,1561,5.49,1,2020,South America,Private,No,6,0.18,82.75,0.03,0.94,0.50,0.55,0,0.59,83
Startup_53,EdTech,5,55.72,720.02,17.91,304,2.12,1,1992,North America,Private,Yes,34,0.18,40.20,0.06,0.17,0.18,0.21,1,0.30,383
Startup_54,E-Commerce,1,27.56,303.26,68.62,143,2.63,1,1997,Europe,Acquired,Yes,29,0.19,4.42,0.48,0.07,0.69,0.26,1,0.43,233
Startup_55,AI,1,231.41,2297.03,99.11,363,3.03,1,2013,Australia,Private,Yes,13,0.64,23.18,0.27,0.53,0.99,0.30,1,0.69,24
Startup_56,Gaming,3,20.94,150.41,74.75,4936,5.98,0,2004,Europe,IPO,Yes,22,0.00,2.01,0.02,0.03,0.75,0.60,1,0.51,150
Startup_57,Gaming,5,251.21,1233.81,74.02,1527,0.42,0,2020,South America,Private,No,6,0.16,16.67,0.05,0.28,0.74,0.04,0,0.33,357
Startup_58,Cybersecurity,5,131.44,1348.5,95.04,3461,6.4,0,1998,Europe,Private,No,28,0.04,14.19,0.03,0.31,0.95,0.64,0,0.52,138
Startup_59,Gaming,4,274.7,1872.72,20.37,1632,3.71,0,1991,North America,Private,No,35,0.17,91.94,0.01,0.43,0.20,0.37,0,0.29,402
Startup_60,Cybersecurity,1,216.6,2901.85,56.6,1308,3.02,0,1997,North America,Acquired,No,29,0.17,51.27,0.04,0.67,0.57,0.30,0,0.46,192
Startup_61,E-Commerce,1,183.32,2735.14,97.97,1139,8.81,1,1996,Australia,Private,No,30,0.16,27.92,0.09,0.63,0.98,0.88,0,0.69,26
Startup_62,HealthTech,2,284.82,3426.14,16.61,2191,4.65,1,2005,Asia,IPO,Yes,21,0.13,206.27,0.01,0.79,0.17,0.47,1,0.57,101
Startup_63,IoT,4,119.3,487.43,70.06,3175,1.04,1,2019,South America,IPO,Yes,7,0.04,6.96,0.02,0.11,0.70,0.10,1,0.42,248
Startup_64,IoT,2,286.25,1850.39,58.62,3840,8.28,1,1999,South America,Acquired,Yes,27,0.07,31.57,0.02,0.42,0.59,0.83,1,0.64,48
Startup_65,E-Commerce,2,40.93,176.38,58.69,2156,0.57,1,2007,Asia,Acquired,Yes,19,0.02,3.01,0.03,0.04,0.59,0.06,1,0.35,331
Startup_66,FinTech,2,145.38,1571,69.8,1242,7.29,0,1994,North America,Private,Yes,32,0.12,22.51,0.06,0.36,0.70,0.73,1,0.63,57
Startup_67,FinTech,3,81.34,990.91,92.97,3740,7.76,0,2018,North America,IPO,No,8,0.02,10.66,0.02,0.23,0.93,0.78,0,0.51,146
Startup_68,Gaming,3,162.18,2288.05,78.28,2839,3.59,0,2012,Europe,Private,No,14,0.06,29.23,0.03,0.53,0.79,0.36,0,0.49,164
Startup_69,IoT,2,49.02,404.81,5.71,4265,8.27,1,1994,Australia,Private,No,32,0.01,70.89,0.00,0.09,0.06,0.83,0,0.22,453
Startup_70,IoT,4,252.54,3489.22,85.29,1003,5.21,0,2019,Australia,Private,Yes,7,0.25,40.91,0.09,0.80,0.86,0.52,1,0.79,6
Startup_71,Cybersecurity,1,254,3437.81,22.63,2572,4.69,1,1995,Australia,Private,No,31,0.10,151.91,0.01,0.79,0.23,0.47,0,0.44,226
Startup_72,HealthTech,4,286.59,1950.63,37.75,1312,0.55,0,1993,Europe,Private,Yes,33,0.22,51.67,0.03,0.45,0.38,0.06,1,0.43,238
Startup_73,AI,5,46.82,628.64,46.23,661,2.97,1,2018,Australia,Private,No,8,0.07,13.60,0.07,0.14,0.46,0.30,0,0.25,430
Startup_74,FinTech,3,187.19,1405.44,48.14,2665,9.32,1,2012,Asia,Acquired,Yes,14,0.07,29.19,0.02,0.32,0.48,0.93,1,0.59,78
Startup_75,IoT,1,142.53,935.34,43.57,2216,3.98,1,1995,Europe,Private,Yes,31,0.06,21.47,0.02,0.21,0.44,0.40,1,0.44,229
Startup_76,Cybersecurity,1,103.64,1118.16,93.74,1914,5.51,1,2021,Asia,Acquired,Yes,5,0.05,11.93,0.05,0.26,0.94,0.55,1,0.63,56
Startup_77,EdTech,5,105.79,734.24,70.63,3735,5.37,1,2007,Europe,IPO,Yes,19,0.03,10.40,0.02,0.17,0.71,0.54,1,0.53,133
Startup_78,Cybersecurity,5,124.13,1311.12,63.15,2051,5.95,1,2004,Australia,IPO,Yes,22,0.06,20.76,0.03,0.30,0.63,0.60,1,0.56,105
Startup_79,FinTech,2,211.63,2183.59,5.08,3167,0.71,1,2021,Asia,Private,Yes,5,0.07,429.84,0.00,0.50,0.05,0.07,1,0.35,328
Startup_80,FinTech,3,179.69,1754,90.4,1145,3.69,1,1998,Asia,Acquired,Yes,28,0.16,19.40,0.08,0.40,0.91,0.37,1,0.64,53
Startup_81,Cybersecurity,3,138.17,1045.26,90.95,271,7.26,1,1999,Asia,Private,Yes,27,0.51,11.49,0.34,0.24,0.91,0.73,1,0.65,43
Startup_82,AI,4,23.24,222.69,78.04,1850,2.09,0,2009,Europe,Acquired,Yes,17,0.01,2.85,0.04,0.05,0.78,0.21,1,0.44,217
Startup_83,E-Commerce,2,23.79,241.65,0.8,1713,2.12,0,1995,South America,Private,No,31,0.01,302.06,0.00,0.06,0.01,0.21,0,0.06,499
Startup_84,FinTech,2,1.2,11.46,5.82,3635,0.2,0,1992,Australia,Acquired,No,34,0.00,1.97,0.00,0.00,0.06,0.02,0,0.02,500
Startup_85,Cybersecurity,2,290.33,2419.33,22.6,3216,4.43,0,2000,Asia,Acquired,No,26,0.09,107.05,0.01,0.56,0.23,0.44,0,0.35,334
Startup_86,IoT,2,2.07,6.57,13.22,2298,8.84,0,2006,South America,Private,No,20,0.00,0.50,0.01,0.00,0.13,0.88,0,0.22,452
Startup_87,Cybersecurity,3,31.38,315.2,39.94,3737,0.61,1,2021,Australia,Acquired,No,5,0.01,7.89,0.01,0.07,0.40,0.06,0,0.16,481
Startup_88,HealthTech,3,94.72,475.62,92.27,3834,1.99,1,1993,Australia,Private,Yes,33,0.02,5.15,0.02,0.11,0.93,0.20,1,0.51,152
Startup_89,E-Commerce,2,242.33,2595.58,47.26,1515,3.17,1,1993,Asia,Private,Yes,33,0.16,54.92,0.03,0.60,0.47,0.32,1,0.56,107
Startup_90,EdTech,4,288.65,3496.17,1.44,480,7.34,0,2006,Asia,Acquired,Yes,20,0.60,2427.90,0.00,0.80,0.01,0.73,1,0.58,91
Startup_91,AI,1,237.11,2135.26,28.35,981,6.44,0,2008,Europe,Private,No,18,0.24,75.32,0.03,0.49,0.28,0.64,0,0.39,288
Startup_92,Gaming,1,207.32,1971.27,4.56,1212,4.22,0,1994,South America,IPO,No,32,0.17,432.30,0.00,0.45,0.05,0.42,0,0.26,429
Startup_93,EdTech,4,156.63,2258.25,3.73,1965,7.61,0,2021,South America,Private,No,5,0.08,605.43,0.00,0.52,0.04,0.76,0,0.34,342
Startup_94,E-Commerce,2,26.47,348.5,27.64,562,6.14,0,2011,Asia,Acquired,No,15,0.05,12.61,0.05,0.08,0.28,0.61,0,0.23,442
Startup_95,E-Commerce,3,287.47,4016.2,27.63,887,8.97,0,1995,Australia,Private,No,31,0.32,145.36,0.03,0.92,0.28,0.90,0,0.59,87
Startup_96,E-Commerce,1,227.64,2905.87,78.73,2199,8.2,1,2011,Asia,Acquired,No,15,0.10,36.91,0.04,0.67,0.79,0.82,0,0.63,54
Startup_97,EdTech,5,191.87,826.39,97.49,4766,2.6,1,1990,Australia,Private,Yes,36,0.04,8.48,0.02,0.19,0.98,0.26,1,0.56,111
Startup_98,IoT,5,227.83,1090.83,37.18,2672,2.79,0,2009,Australia,Private,Yes,17,0.09,29.34,0.01,0.25,0.37,0.28,1,0.41,265
Startup_99,E-Commerce,4,217.37,2025.78,42.95,4964,1.34,0,2011,Asia,Private,No,15,0.04,47.17,0.01,0.46,0.43,0.13,0,0.32,372
Startup_100,Cybersecurity,2,191.35,1139.08,84.49,4682,3.44,0,2000,North America,Private,No,26,0.04,13.48,0.02,0.26,0.85,0.34,0,0.41,254
Startup_101,EdTech,1,294.18,2565.35,26.89,4795,10,0,2002,South America,Private,No,24,0.06,95.40,0.01,0.59,0.27,1.00,0,0.49,170
Startup_102,Gaming,2,271.06,2095.94,15.72,1615,4.12,1,1992,Australia,Private,No,34,0.17,133.33,0.01,0.48,0.16,0.41,0,0.30,388
Startup_103,E-Commerce,1,194.18,1862.76,85.32,3493,2.28,0,1998,Australia,Acquired,Yes,28,0.06,21.83,0.02,0.43,0.86,0.23,1,0.60,73
Startup_104,Cybersecurity,4,208.11,2489.52,4.75,2459,7.65,0,2001,North America,IPO,No,25,0.08,524.11,0.00,0.57,0.05,0.77,0,0.37,315
Startup_105,IoT,4,15.95,184.79,62.01,4499,5.47,0,2012,Europe,IPO,No,14,0.00,2.98,0.01,0.04,0.62,0.55,0,0.31,378
Startup_106,HealthTech,5,201.14,1861.51,56.24,1951,1.58,0,2003,North America,Private,No,23,0.10,33.10,0.03,0.43,0.56,0.16,0,0.35,336
Startup_107,IoT,2,13.73,176.69,34.66,4815,3.87,1,2022,North America,Private,No,4,0.00,5.10,0.01,0.04,0.35,0.39,0,0.20,467
Startup_108,Gaming,5,176.68,1443.54,31.59,4804,4.2,1,2007,Australia,Private,Yes,19,0.04,45.70,0.01,0.33,0.32,0.42,1,0.44,216
Startup_109,E-Commerce,2,299.81,4125.56,77.21,2813,7.56,1,1998,South America,Acquired,Yes,28,0.11,53.43,0.03,0.95,0.77,0.76,1,0.86,1
Startup_110,Gaming,5,166.96,643.69,8.73,3830,0.3,0,2012,North America,Private,Yes,14,0.04,73.73,0.00,0.15,0.09,0.03,1,0.23,441
Startup_111,EdTech,3,142.23,2056.07,23.75,3541,2.76,0,1999,Europe,Acquired,No,27,0.04,86.57,0.01,0.47,0.24,0.28,0,0.29,395
Startup_112,FinTech,3,94.2,1022.67,73.27,3807,5.22,0,2008,Asia,Private,No,18,0.02,13.96,0.02,0.23,0.73,0.52,0,0.41,263
Startup_113,E-Commerce,3,36.6,276.73,54.88,4182,2.76,1,1994,North America,Private,No,32,0.01,5.04,0.01,0.06,0.55,0.28,0,0.24,437
Startup_114,FinTech,3,219.44,1177.48,12.89,4704,6.32,0,2012,North America,Private,Yes,14,0.05,91.35,0.00,0.27,0.13,0.63,1,0.41,257
Startup_115,Cybersecurity,1,58.18,509.09,88.23,1975,4.87,0,2019,Europe,Private,No,7,0.03,5.77,0.04,0.12,0.88,0.49,0,0.40,267
Startup_116,HealthTech,3,35.03,186.87,39.41,3827,3.68,1,2014,South America,Private,No,12,0.01,4.74,0.01,0.04,0.40,0.37,0,0.21,461
Startup_117,AI,4,126.82,633.59,82.8,2824,9.5,1,2017,North America,Acquired,Yes,9,0.04,7.65,0.03,0.15,0.83,0.95,1,0.64,50
Startup_118,Gaming,4,238.7,2484.44,78.79,907,6.36,0,2014,North America,Private,Yes,12,0.26,31.53,0.09,0.57,0.79,0.64,1,0.71,15
Startup_119,IoT,1,223.65,2074.8,62.48,369,1.39,0,1999,South America,Acquired,No,27,0.61,33.21,0.17,0.48,0.63,0.14,0,0.38,292
Startup_120,HealthTech,3,16.94,187.04,49.5,4263,5.64,0,2003,Europe,Private,No,23,0.00,3.78,0.01,0.04,0.50,0.56,0,0.28,410
Startup_121,E-Commerce,3,136.82,1936.72,97.96,3124,7.83,1,2019,North America,Private,No,7,0.04,19.77,0.03,0.44,0.98,0.78,0,0.61,71
Startup_122,FinTech,3,156.97,1473.5,14.58,2563,7.11,0,2014,South America,Acquired,Yes,12,0.06,101.06,0.01,0.34,0.15,0.71,1,0.45,200
Startup_123,IoT,5,193.54,1929.82,72.54,1868,1.8,1,2003,North America,IPO,No,23,0.10,26.60,0.04,0.44,0.73,0.18,0,0.41,260
Startup_124,FinTech,2,195.23,795.66,19.2,120,9.73,0,1999,Asia,Private,Yes,27,1.63,41.44,0.16,0.18,0.19,0.97,1,0.47,187
Startup_125,EdTech,5,109.73,1274.14,33.89,2389,4.54,1,2000,Australia,Private,No,26,0.05,37.60,0.01,0.29,0.34,0.45,0,0.30,389
Startup_126,FinTech,2,168.42,1313.48,30.94,4981,1.67,1,2000,Asia,Private,Yes,26,0.03,42.45,0.01,0.30,0.31,0.17,1,0.38,293
Startup_127,EdTech,3,144.58,2128.32,94.71,3940,1.88,0,2010,North America,Acquired,Yes,16,0.04,22.47,0.02,0.49,0.95,0.19,1,0.64,46
Startup_128,Cybersecurity,3,265.56,3419.91,96.74,4940,1.07,1,2010,Europe,Acquired,No,16,0.05,35.35,0.02,0.78,0.97,0.11,0,0.59,85
Startup_129,IoT,5,159.31,1476.77,18.38,2495,8.05,0,2011,Australia,Private,Yes,15,0.06,80.35,0.01,0.34,0.18,0.81,1,0.48,172
Startup_130,IoT,5,132.59,593.83,2.3,947,1.31,1,1996,Asia,Private,No,30,0.14,258.19,0.00,0.14,0.02,0.13,0,0.08,497
Startup_131,AI,2,121.64,1619.39,72.03,1729,1.34,1,2006,South America,Acquired,Yes,20,0.07,22.48,0.04,0.37,0.72,0.13,1,0.52,137
Startup_132,E-Commerce,4,171.94,2165.99,41.86,2339,8.52,0,1991,Europe,Private,Yes,35,0.07,51.74,0.02,0.50,0.42,0.85,1,0.62,64
Startup_133,EdTech,2,241.29,1258.33,8.98,2772,3.51,1,2001,Asia,Acquired,No,25,0.09,140.13,0.00,0.29,0.09,0.35,0,0.20,466
Startup_134,AI,5,161.75,1058.39,68.41,1142,0.41,1,2007,South America,Private,Yes,19,0.14,15.47,0.06,0.24,0.69,0.04,1,0.45,207
Startup_135,FinTech,5,198.67,2487.52,54.56,2532,0.61,0,2000,North America,Private,Yes,26,0.08,45.59,0.02,0.57,0.55,0.06,1,0.53,135
Startup_136,FinTech,1,221.49,1156.78,98.05,4122,1.51,0,2005,South America,Private,No,21,0.05,11.80,0.02,0.27,0.98,0.15,0,0.42,251
Startup_137,AI,5,156.29,2190.1,22.82,3425,2.21,1,2007,Asia,Private,No,19,0.05,95.97,0.01,0.50,0.23,0.22,0,0.29,399
Startup_138,IoT,1,128.33,1038.75,40.46,4783,6.68,1,2015,Asia,Private,Yes,11,0.03,25.67,0.01,0.24,0.41,0.67,1,0.49,166
Startup_139,FinTech,4,263.06,1063.94,54.3,3911,1.66,0,2005,North America,Acquired,Yes,21,0.07,19.59,0.01,0.24,0.54,0.17,1,0.43,236
Startup_140,Gaming,2,125.54,1605.53,79.19,3642,1.28,0,1995,South America,Acquired,No,31,0.03,20.27,0.02,0.37,0.79,0.13,0,0.39,278
Startup_141,Cybersecurity,2,138.85,1038.89,54.93,2958,7.67,0,2001,South America,Private,No,25,0.05,18.91,0.02,0.24,0.55,0.77,0,0.40,268
Startup_142,Cybersecurity,1,297.11,2768.47,61.33,2372,6.74,0,2002,North America,Private,No,24,0.13,45.14,0.03,0.64,0.62,0.67,0,0.54,122
Startup_143,Gaming,2,0.57,2.48,22.69,4226,4.41,0,1993,South America,Private,No,33,0.00,0.11,0.01,0.00,0.23,0.44,0,0.16,482
Startup_144,AI,5,56.05,169.89,84.71,281,5.54,1,1991,North America,Private,No,35,0.20,2.01,0.30,0.04,0.85,0.55,0,0.38,299
Startup_145,Gaming,3,115.5,1230.75,42.92,2004,3.19,0,2015,Europe,Private,Yes,11,0.06,28.68,0.02,0.28,0.43,0.32,1,0.44,222
Startup_146,EdTech,1,279.81,2569.24,14.18,1232,4.88,1,2016,Asia,Acquired,No,10,0.23,181.19,0.01,0.59,0.14,0.49,0,0.35,340
Startup_147,EdTech,2,21.47,217.33,66.45,3757,5.12,0,2016,Europe,Private,Yes,10,0.01,3.27,0.02,0.05,0.67,0.51,1,0.47,184
Startup_148,AI,1,3.34,41.83,21.69,3740,3.93,0,2004,Australia,Private,No,22,0.00,1.93,0.01,0.01,0.22,0.39,0,0.15,489
Startup_149,Gaming,1,16.28,175.16,9.85,700,9.08,0,1997,Australia,Private,No,29,0.02,17.78,0.01,0.04,0.10,0.91,0,0.23,449
Startup_150,EdTech,3,27.02,137.73,86.21,1314,0.26,0,1996,Australia,Private,No,30,0.02,1.60,0.07,0.03,0.86,0.03,0,0.28,412
Startup_151,IoT,5,11.76,86.19,46.07,4157,7.84,1,2001,North America,Acquired,No,25,0.00,1.87,0.01,0.02,0.46,0.78,0,0.30,385
Startup_152,Gaming,1,144.19,2000.02,74.95,3239,1.33,1,2002,South America,Private,Yes,24,0.04,26.68,0.02,0.46,0.75,0.13,1,0.56,110
Startup_153,IoT,2,174.44,2135.03,29.13,4119,8,1,2006,Europe,Private,Yes,20,0.04,73.29,0.01,0.49,0.29,0.80,1,0.57,100
Startup_154,EdTech,4,81.87,792.47,78.72,2316,6.2,1,2006,Europe,Private,Yes,20,0.04,10.07,0.03,0.18,0.79,0.62,1,0.57,97
Startup_155,Cybersecurity,1,119.79,726.85,11.28,2846,8.45,1,2010,Europe,Acquired,Yes,16,0.04,64.44,0.00,0.17,0.11,0.85,1,0.41,255
Startup_156,EdTech,1,27.96,185.23,35.66,4213,1.07,0,1997,Europe,Acquired,Yes,29,0.01,5.19,0.01,0.04,0.36,0.11,1,0.29,392
Startup_157,IoT,3,101.24,1192.96,97.81,3564,5.63,1,1994,Australia,IPO,No,32,0.03,12.20,0.03,0.27,0.98,0.56,0,0.50,155
Startup_158,HealthTech,5,156.99,2074.48,79.42,3403,5.06,1,2015,Europe,IPO,Yes,11,0.05,26.12,0.02,0.48,0.80,0.51,1,0.66,40
Startup_159,E-Commerce,4,219.82,2430.57,49.78,546,7.09,0,2005,South America,Private,Yes,21,0.40,48.83,0.09,0.56,0.50,0.71,1,0.64,52
Startup_160,FinTech,2,1.5,19.07,34.04,2699,5.39,1,2017,Australia,Private,No,9,0.00,0.56,0.01,0.00,0.34,0.54,0,0.21,457
Startup_161,Gaming,4,140.46,1713.59,87.23,4679,5.45,0,2018,Europe,Private,Yes,8,0.03,19.64,0.02,0.39,0.87,0.55,1,0.66,38
Startup_162,HealthTech,2,89.45,429.04,54.53,1093,4.35,0,2001,North America,Private,No,25,0.08,7.87,0.05,0.10,0.55,0.44,0,0.29,403
Startup_163,EdTech,5,255.92,2069.71,75.87,3368,3.16,1,2019,Asia,Private,No,7,0.08,27.28,0.02,0.47,0.76,0.32,0,0.46,196
Startup_164,Cybersecurity,2,214.81,1038.78,75.44,29,4.87,0,2012,Asia,IPO,Yes,14,7.41,13.77,2.60,0.24,0.76,0.49,1,0.56,114
Startup_165,AI,3,176.94,1030.29,1.89,1577,1.27,0,2005,Asia,Private,No,21,0.11,545.13,0.00,0.24,0.02,0.13,0,0.11,494
Startup_166,EdTech,3,83.54,1122.04,12.71,2963,9.62,1,2003,Australia,Private,No,23,0.03,88.28,0.00,0.26,0.13,0.96,0,0.32,366
Startup_167,Cybersecurity,3,273.15,2369.5,66,4241,7.17,1,1999,Europe,Acquired,Yes,27,0.06,35.90,0.02,0.54,0.66,0.72,1,0.68,30
Startup_168,E-Commerce,3,14.01,132.03,16.25,1772,9.53,0,1996,Australia,Acquired,Yes,30,0.01,8.12,0.01,0.03,0.16,0.95,1,0.40,270
Startup_169,EdTech,4,33.29,171.16,25.62,4748,2.34,1,2018,South America,Private,No,8,0.01,6.68,0.01,0.04,0.26,0.23,0,0.14,491
Startup_170,IoT,5,117.79,794.76,94.67,2240,8.81,0,1992,North America,Private,Yes,34,0.05,8.40,0.04,0.18,0.95,0.88,1,0.67,35
Startup_171,AI,2,37.77,217.67,56.06,205,8.11,0,2004,North America,Private,No,22,0.18,3.88,0.27,0.05,0.56,0.81,0,0.35,338
Startup_172,Cybersecurity,2,286.95,1570.83,75.1,3203,6.8,1,2008,Asia,Acquired,No,18,0.09,20.92,0.02,0.36,0.75,0.68,0,0.49,169
Startup_173,Cybersecurity,3,239.5,2552,55.84,261,6.29,1,2002,Asia,Private,Yes,24,0.92,45.70,0.21,0.59,0.56,0.63,1,0.65,45
Startup_174,Cybersecurity,3,78.07,474.87,55.3,3752,3.23,0,2010,Asia,Private,Yes,16,0.02,8.59,0.01,0.11,0.55,0.32,1,0.42,250
Startup_175,E-Commerce,1,176.77,1870.97,9.51,4647,8.18,1,2016,Europe,Acquired,No,10,0.04,196.74,0.00,0.43,0.10,0.82,0,0.34,347
Startup_176,EdTech,5,294.71,1090.86,34.43,2246,5.07,1,2018,South America,Private,Yes,8,0.13,31.68,0.02,0.25,0.35,0.51,1,0.44,220
Startup_177,E-Commerce,4,265.32,1247.35,28.31,3180,0.8,0,2009,South America,IPO,Yes,17,0.08,44.06,0.01,0.29,0.28,0.08,1,0.35,333
Startup_178,Gaming,2,180.44,1135.78,39.13,3611,3.2,0,2014,South America,Private,No,12,0.05,29.03,0.01,0.26,0.39,0.32,0,0.27,416
Startup_179,FinTech,1,271.17,2756.32,79.85,3341,9.36,0,1995,South America,Acquired,No,31,0.08,34.52,0.02,0.63,0.80,0.94,0,0.65,44
Startup_180,FinTech,1,296.76,3297.03,37.26,4902,8.52,1,1991,Asia,Acquired,No,35,0.06,88.49,0.01,0.76,0.37,0.85,0,0.55,121
Startup_181,Gaming,2,223.13,1854.79,45.22,418,9.82,1,2011,North America,IPO,Yes,15,0.53,41.02,0.11,0.43,0.45,0.98,1,0.63,58
Startup_182,EdTech,4,19.96,166.66,39.8,2019,6.32,1,2021,Asia,Acquired,Yes,5,0.01,4.19,0.02,0.04,0.40,0.63,1,0.41,258
Startup_183,IoT,1,120.77,1412.31,9.43,1386,2.55,1,2005,South America,Private,Yes,21,0.09,149.77,0.01,0.32,0.09,0.26,1,0.34,346
Startup_184,E-Commerce,1,251.43,802.02,44.16,1103,1.71,1,2007,Asia,Acquired,Yes,19,0.23,18.16,0.04,0.18,0.44,0.17,1,0.38,297
Startup_185,AI,5,69.56,493.39,19.64,3431,1.95,0,1994,South America,Private,Yes,32,0.02,25.12,0.01,0.11,0.20,0.20,1,0.29,401
Startup_186,Cybersecurity,4,249.28,3196.89,18.75,3660,0.3,0,2019,Australia,Acquired,No,7,0.07,170.50,0.01,0.73,0.19,0.03,0,0.32,371
Startup_187,Cybersecurity,1,36.54,374.12,9.49,914,3.97,0,2008,North America,Private,No,18,0.04,39.42,0.01,0.09,0.10,0.40,0,0.14,490
Startup_188,EdTech,4,14.56,102.6,35.73,192,2,0,2012,Australia,Private,No,14,0.08,2.87,0.19,0.02,0.36,0.20,0,0.16,483
Startup_189,IoT,2,115.54,1602.11,75.77,4049,4.18,1,2002,Europe,Acquired,No,24,0.03,21.14,0.02,0.37,0.76,0.42,0,0.44,225
Startup_190,FinTech,3,11.5,141.12,27.72,3761,9.36,1,2018,Asia,Private,Yes,8,0.00,5.09,0.01,0.03,0.28,0.94,1,0.43,237
Startup_191,FinTech,1,287.2,1774.54,31.3,2020,4.36,0,2011,Europe,IPO,Yes,15,0.14,56.69,0.02,0.41,0.31,0.44,1,0.47,179
Startup_192,Cybersecurity,5,247.95,2663.85,64.3,2097,8.79,0,1998,Asia,Private,No,28,0.12,41.43,0.03,0.61,0.64,0.88,0,0.58,89
Startup_193,EdTech,2,240.33,2439.11,19.66,3649,6.09,1,2008,Australia,Private,No,18,0.07,124.06,0.01,0.56,0.20,0.61,0,0.38,301
Startup_194,E-Commerce,4,189.12,1477.83,89.71,2135,2.55,0,1995,South America,Private,Yes,31,0.09,16.47,0.04,0.34,0.90,0.26,1,0.59,81
Startup_195,FinTech,2,65.29,483.37,52.07,362,3.62,0,2004,South America,Private,No,22,0.18,9.28,0.14,0.11,0.52,0.36,0,0.27,419
Startup_196,E-Commerce,1,155.72,1109.15,44.82,2427,0.93,0,2009,Asia,Private,No,17,0.06,24.75,0.02,0.25,0.45,0.09,0,0.24,438
Startup_197,IoT,4,179.38,1866.6,55.83,4262,3.4,0,1998,South America,Acquired,No,28,0.04,33.43,0.01,0.43,0.56,0.34,0,0.39,287
Startup_198,FinTech,3,157.75,1310.73,16.69,4550,6.81,1,2021,Australia,Acquired,No,5,0.03,78.53,0.00,0.30,0.17,0.68,0,0.29,396
Startup_199,FinTech,2,78.44,1018.34,61.39,1502,0.81,0,1993,South America,Private,Yes,33,0.05,16.59,0.04,0.23,0.62,0.08,1,0.43,234
Startup_200,HealthTech,1,154.82,1708.47,36.37,2163,2.13,0,2007,Australia,Private,No,19,0.07,46.97,0.02,0.39,0.36,0.21,0,0.29,398
Startup_201,FinTech,5,147.61,566.7,89.73,2560,3.88,0,1994,Europe,Private,No,32,0.06,6.32,0.04,0.13,0.90,0.39,0,0.39,277
Startup_202,Gaming,4,298.9,3192.86,16.97,2347,9.82,1,2009,Australia,Private,No,17,0.13,188.15,0.01,0.73,0.17,0.98,0,0.50,154
Startup_203,AI,2,269.28,1684.01,50.75,2956,7.87,0,2012,North America,Private,Yes,14,0.09,33.18,0.02,0.39,0.51,0.79,1,0.60,77
Startup_204,Gaming,2,139.28,1408.64,59.85,1243,7.36,0,2000,North America,Private,No,26,0.11,23.54,0.05,0.32,0.60,0.74,0,0.44,224
Startup_205,EdTech,3,187.07,2088,3.44,978,1.25,0,2011,North America,Private,No,15,0.19,606.98,0.00,0.48,0.03,0.13,0,0.20,464
Startup_206,EdTech,3,224.49,1295.3,36.43,4732,7.83,0,1993,Asia,Private,No,33,0.05,35.56,0.01,0.30,0.37,0.78,0,0.37,310
Startup_207,E-Commerce,5,10.94,92.8,73.29,3970,7.87,0,2018,Asia,Private,No,8,0.00,1.27,0.02,0.02,0.74,0.79,0,0.39,289
Startup_208,Gaming,5,268.53,1418.89,82.06,1055,6.05,1,2002,Asia,Acquired,No,24,0.25,17.29,0.08,0.33,0.82,0.61,0,0.48,176
Startup_209,Gaming,1,258.11,936.44,31.38,3706,9.9,0,1998,Australia,IPO,Yes,28,0.07,29.84,0.01,0.21,0.31,0.99,1,0.52,144
Startup_210,Gaming,1,137.5,1036.99,79.88,2785,3.32,0,2020,Asia,Private,No,6,0.05,12.98,0.03,0.24,0.80,0.33,0,0.39,282
Startup_211,IoT,5,117.66,865.43,96.78,1593,9.42,1,1996,Europe,IPO,No,30,0.07,8.94,0.06,0.20,0.97,0.94,0,0.55,120
Startup_212,FinTech,5,82.25,1229.29,85.7,3883,9.16,0,1993,North America,Private,Yes,33,0.02,14.34,0.02,0.28,0.86,0.92,1,0.69,27
Startup_213,AI,4,143.26,1197.11,11.85,2373,0.21,0,2008,Australia,Private,No,18,0.06,101.02,0.00,0.27,0.12,0.02,0,0.14,492
Startup_214,E-Commerce,3,13.79,96.57,74,441,4.56,0,2019,North America,Private,No,7,0.03,1.31,0.17,0.02,0.74,0.46,0,0.32,363
Startup_215,Gaming,1,255.73,2548.53,32.03,2833,9.77,1,2020,Asia,Private,No,6,0.09,79.57,0.01,0.58,0.32,0.98,0,0.50,160
Startup_216,Gaming,3,11.11,45.16,98.84,1561,1.12,0,2010,Australia,Private,Yes,16,0.01,0.46,0.06,0.01,0.99,0.11,1,0.47,180
Startup_217,HealthTech,3,99.05,1440.19,48.59,3863,5.52,1,2020,South America,Private,No,6,0.03,29.64,0.01,0.33,0.49,0.55,0,0.37,308
Startup_218,E-Commerce,5,279.51,2968.26,12.33,1309,9.79,1,2008,Europe,Private,Yes,18,0.21,240.73,0.01,0.68,0.12,0.98,1,0.62,63
Startup_219,Gaming,4,220.7,2661.21,72.55,2389,5.6,0,2020,Asia,Private,Yes,6,0.09,36.68,0.03,0.61,0.73,0.56,1,0.69,22
Startup_220,E-Commerce,2,84.78,427.78,32.37,187,1.98,1,2021,Asia,Private,No,5,0.45,13.22,0.17,0.10,0.32,0.20,0,0.17,474
Startup_221,FinTech,4,76.17,602.79,99.71,1594,5.86,0,1991,Europe,Private,Yes,35,0.05,6.05,0.06,0.14,1.00,0.59,1,0.62,66
Startup_222,HealthTech,4,2.02,16.31,97.98,1592,2.12,0,1999,Europe,Private,No,27,0.00,0.17,0.06,0.00,0.98,0.21,0,0.34,350
Startup_223,E-Commerce,3,208.87,2686.42,65.65,664,5.25,1,1991,South America,Private,No,35,0.31,40.92,0.10,0.62,0.66,0.53,0,0.52,142
Startup_224,AI,4,15.11,45.55,13.07,164,0.83,1,1991,Asia,Private,Yes,35,0.09,3.49,0.08,0.01,0.13,0.08,1,0.21,459
Startup_225,AI,1,160.01,1057.7,68.72,3958,6.09,1,2013,Asia,Private,Yes,13,0.04,15.39,0.02,0.24,0.69,0.61,1,0.56,109
Startup_226,EdTech,3,288.66,4264.9,9.39,1016,5.22,0,2006,North America,Private,Yes,20,0.28,454.20,0.01,0.98,0.09,0.52,1,0.63,62
Startup_227,HealthTech,1,33.29,289.58,3.03,57,7.43,0,2021,Australia,Private,No,5,0.58,95.57,0.05,0.07,0.03,0.74,0,0.18,472
Startup_228,HealthTech,2,268.4,2037.24,82.31,2312,6.34,1,2005,Australia,Private,No,21,0.12,24.75,0.04,0.47,0.83,0.63,0,0.54,125
Startup_229,EdTech,3,297.45,1320.07,21.05,1233,5.54,0,2005,North America,Private,Yes,21,0.24,62.71,0.02,0.30,0.21,0.55,1,0.43,240
Startup_230,E-Commerce,2,18.92,277.93,37.96,1040,6.93,0,2020,Australia,Private,No,6,0.02,7.32,0.04,0.06,0.38,0.69,0,0.28,413
Startup_231,HealthTech,3,264.93,858.46,97.35,3707,1.53,0,2013,Europe,Private,No,13,0.07,8.82,0.03,0.20,0.98,0.15,0,0.39,280
Startup_232,AI,5,155.07,1836.98,33.75,4050,5.99,0,1990,Australia,Private,No,36,0.04,54.43,0.01,0.42,0.34,0.60,0,0.37,312
Startup_233,AI,4,272,3324.71,29.72,4950,1.8,1,2000,Australia,Private,No,26,0.05,111.87,0.01,0.76,0.30,0.18,0,0.39,279
Startup_234,Gaming,5,171.61,1016.6,91.83,4454,9.26,0,2010,North America,Private,Yes,16,0.04,11.07,0.02,0.23,0.92,0.93,1,0.69,25
Startup_235,FinTech,2,198.8,2198.47,11.16,1269,0.78,1,1993,South America,Acquired,No,33,0.16,197.00,0.01,0.50,0.11,0.08,0,0.23,448
Startup_236,HealthTech,4,163.36,672.25,75.98,1889,4.36,0,1996,Australia,Private,Yes,30,0.09,8.85,0.04,0.15,0.76,0.44,1,0.52,139
Startup_237,E-Commerce,3,259.42,1578.46,98.81,1814,6.99,1,2015,Australia,Private,No,11,0.14,15.97,0.05,0.36,0.99,0.70,0,0.56,108
Startup_238,EdTech,4,220.31,2743.92,90.14,3172,4.63,0,2001,South America,Private,Yes,25,0.07,30.44,0.03,0.63,0.90,0.46,1,0.73,12
Startup_239,EdTech,1,156.62,2094.99,65.2,3802,1.01,0,2020,North America,Private,No,6,0.04,32.13,0.02,0.48,0.65,0.10,0,0.38,290
Startup_240,E-Commerce,4,260.51,2683.73,31.47,2346,5.58,0,2006,South America,Private,No,20,0.11,85.28,0.01,0.62,0.32,0.56,0,0.42,246
Startup_241,IoT,1,73.96,671.71,25.51,3419,6.45,0,2022,North America,Private,No,4,0.02,26.33,0.01,0.15,0.26,0.65,0,0.26,422
Startup_242,Cybersecurity,4,47.62,233.89,81.94,822,7.07,0,2000,Europe,Acquired,No,26,0.06,2.85,0.10,0.05,0.82,0.71,0,0.41,264
Startup_243,FinTech,1,48.54,182.38,87.99,2442,3.8,1,2017,North America,Private,No,9,0.02,2.07,0.04,0.04,0.88,0.38,0,0.36,326
Startup_244,EdTech,2,100.54,443.56,52.59,893,5.68,1,2021,Europe,Private,Yes,5,0.11,8.43,0.06,0.10,0.53,0.57,1,0.46,197
Startup_245,HealthTech,5,71.99,412.38,24.51,672,4.56,0,1990,Europe,IPO,Yes,36,0.11,16.82,0.04,0.09,0.25,0.46,1,0.35,339
Startup_246,FinTech,3,279.06,1981.35,11.38,4733,6.75,0,2017,North America,IPO,No,9,0.06,174.11,0.00,0.45,0.11,0.68,0,0.33,358
Startup_247,HealthTech,4,32.2,243.78,8.81,2629,5.88,0,1996,Asia,Private,No,30,0.01,27.67,0.00,0.06,0.09,0.59,0,0.16,477
Startup_248,IoT,5,209.85,1501.66,71.94,4237,5.3,0,1991,North America,Private,No,35,0.05,20.87,0.02,0.34,0.72,0.53,0,0.44,219
Startup_249,AI,3,57.17,335.51,42.07,4528,2.57,1,2013,Australia,IPO,No,13,0.01,7.98,0.01,0.08,0.42,0.26,0,0.20,463
Startup_250,FinTech,3,264.55,2411.82,90.55,823,0.12,1,1993,Australia,Private,Yes,33,0.32,26.64,0.11,0.55,0.91,0.01,1,0.62,65
Startup_251,Gaming,1,288.41,3721.48,73.99,2193,1.82,0,2008,Asia,Private,Yes,18,0.13,50.30,0.03,0.85,0.74,0.18,1,0.71,18
Startup_252,EdTech,2,139.91,889.33,19.21,1111,1.26,0,2015,Europe,Private,No,11,0.13,46.30,0.02,0.20,0.19,0.13,0,0.15,484
Startup_253,FinTech,2,263.78,3774.33,61.42,2229,4.55,0,2000,Asia,Private,No,26,0.12,61.45,0.03,0.87,0.62,0.46,0,0.58,95
Startup_254,FinTech,5,2.04,27.5,43.61,202,6.16,1,2000,Australia,Private,No,26,0.01,0.63,0.22,0.01,0.44,0.62,0,0.26,428
Startup_255,FinTech,2,246.07,1215.87,57.77,2676,2.21,0,1992,Asia,Private,Yes,34,0.09,21.05,0.02,0.28,0.58,0.22,1,0.47,189
Startup_256,Cybersecurity,4,68.97,857.66,73.83,3497,9.4,1,2001,North America,Private,No,25,0.02,11.62,0.02,0.20,0.74,0.94,0,0.48,177
Startup_257,FinTech,2,272.66,2697.98,80.64,2453,0.17,1,1992,Asia,Private,Yes,34,0.11,33.46,0.03,0.62,0.81,0.02,1,0.61,67
Startup_258,HealthTech,5,0.84,8.23,84.39,475,7.75,0,2016,Europe,IPO,Yes,10,0.00,0.10,0.18,0.00,0.85,0.78,1,0.56,113
Startup_259,AI,2,167.08,1285.27,25.47,1953,6.29,1,1991,North America,Private,No,35,0.09,50.46,0.01,0.29,0.26,0.63,0,0.31,382
Startup_260,IoT,4,227.11,2047.13,3.21,3904,3.8,0,2005,South America,Acquired,Yes,21,0.06,637.74,0.00,0.47,0.03,0.38,1,0.40,271
Startup_261,E-Commerce,1,77.98,605.6,73.96,2015,0.6,1,1991,Australia,IPO,No,35,0.04,8.19,0.04,0.14,0.74,0.06,0,0.28,405
Startup_262,FinTech,5,58.34,552.88,10.72,3805,6.31,0,2019,Australia,Acquired,Yes,7,0.02,51.57,0.00,0.13,0.11,0.63,1,0.35,330
Startup_263,EdTech,1,25.69,270.65,31.56,4123,3.92,0,2009,Asia,Acquired,No,17,0.01,8.58,0.01,0.06,0.32,0.39,0,0.20,468
Startup_264,FinTech,1,98.27,1089.98,0.48,3801,9.37,1,2017,North America,Private,No,9,0.03,2270.79,0.00,0.25,0.00,0.94,0,0.28,411
Startup_265,EdTech,1,168.17,1579.08,68.2,3993,5.47,1,2014,South America,IPO,Yes,12,0.04,23.15,0.02,0.36,0.68,0.55,1,0.59,79
Startup_266,HealthTech,3,35.2,410.33,16.8,239,9.4,1,2021,North America,Private,Yes,5,0.15,24.42,0.07,0.09,0.17,0.94,1,0.42,247
Startup_267,EdTech,3,113.32,532.08,65.56,933,2.28,0,1999,Australia,Private,Yes,27,0.12,8.12,0.07,0.12,0.66,0.23,1,0.44,230
Startup_268,Gaming,1,3.22,17.85,99.18,3612,7.28,1,2022,North America,Private,No,4,0.00,0.18,0.03,0.00,0.99,0.73,0,0.45,214
Startup_269,E-Commerce,5,245.69,3150.93,7.36,527,6.21,0,2002,South America,Acquired,Yes,24,0.47,428.12,0.01,0.72,0.07,0.62,1,0.55,118
Startup_270,AI,4,38.97,267.74,7.8,3528,7.42,1,2005,Asia,Private,No,21,0.01,34.33,0.00,0.06,0.08,0.74,0,0.19,469
Startup_271,EdTech,4,85.36,279.53,34.1,4531,2.23,0,2011,Europe,Private,Yes,15,0.02,8.20,0.01,0.06,0.34,0.22,1,0.32,369
Startup_272,EdTech,2,6.02,29.17,86.65,4893,6.68,1,2009,North America,Private,No,17,0.00,0.34,0.02,0.01,0.87,0.67,0,0.40,273
Startup_273,AI,5,129.96,738.61,21.63,1634,5.03,1,2016,Europe,Private,Yes,10,0.08,34.15,0.01,0.17,0.22,0.50,1,0.38,304
Startup_274,E-Commerce,3,252.12,3652.68,36.1,4633,7.45,1,2005,Australia,Private,Yes,21,0.05,101.18,0.01,0.84,0.36,0.75,1,0.70,20
Startup_275,FinTech,1,117.95,1164.93,6.94,1321,3.34,0,2021,Asia,Private,Yes,5,0.09,167.86,0.01,0.27,0.07,0.33,1,0.33,356
Startup_276,EdTech,2,54.26,770.1,76.34,2862,8.91,0,2015,Asia,Private,No,11,0.02,10.09,0.03,0.18,0.77,0.89,0,0.47,185
Startup_277,AI,4,226.23,2240.12,40.89,1129,0.93,1,2014,North America,Private,No,12,0.20,54.78,0.04,0.51,0.41,0.09,0,0.32,364
Startup_278,Gaming,3,236.75,2072.1,75.95,2592,8.09,0,1991,Asia,Acquired,Yes,35,0.09,27.28,0.03,0.48,0.76,0.81,1,0.71,19
Startup_279,Gaming,3,52.54,355.42,90.37,1028,8.63,1,2001,North America,Private,No,25,0.05,3.93,0.09,0.08,0.91,0.86,0,0.47,181
Startup_280,HealthTech,1,231.37,2377.66,23.35,1383,8.19,0,1998,North America,Acquired,Yes,28,0.17,101.83,0.02,0.55,0.23,0.82,1,0.58,96
Startup_281,AI,4,284.22,1327.41,80.76,3379,5.18,0,2001,Europe,Private,No,25,0.08,16.44,0.02,0.30,0.81,0.52,0,0.45,204
Startup_282,HealthTech,5,50.33,693.5,6,1524,4.44,1,2015,Asia,Private,No,11,0.03,115.58,0.00,0.16,0.06,0.44,0,0.16,479
Startup_283,Gaming,3,231.41,2997.22,89.89,231,9.96,1,1998,North America,Private,Yes,28,1.00,33.34,0.39,0.69,0.90,1.00,1,0.86,2
Startup_284,E-Commerce,1,212.72,1448.7,65.11,4973,2.37,0,1999,Europe,Private,Yes,27,0.04,22.25,0.01,0.33,0.65,0.24,1,0.51,149
Startup_285,FinTech,5,142.34,2054.47,87.44,896,5.51,0,2021,South America,Private,No,5,0.16,23.50,0.10,0.47,0.88,0.55,0,0.54,124
Startup_286,AI,4,17.85,230.31,0.12,4077,6.74,0,2009,Europe,Private,No,17,0.00,1919.25,0.00,0.05,0.00,0.67,0,0.15,486
Startup_287,IoT,3,22.87,251.47,16.99,2262,7.04,1,1991,Europe,Private,No,35,0.01,14.80,0.01,0.06,0.17,0.70,0,0.21,456
Startup_288,Gaming,5,255.8,1141.16,39.04,2793,2.12,0,1990,North America,Private,Yes,36,0.09,29.23,0.01,0.26,0.39,0.21,1,0.40,269
Startup_289,Gaming,5,297.05,2595.86,38.01,401,6.57,1,2013,Australia,Acquired,No,13,0.74,68.29,0.09,0.60,0.38,0.66,0,0.45,201
Startup_290,IoT,5,202.98,1841.7,22.75,2083,8.2,1,2016,Australia,Private,Yes,10,0.10,80.95,0.01,0.42,0.23,0.82,1,0.53,132
Startup_291,Cybersecurity,3,134.06,776.29,38.22,4749,0.6,0,1991,Australia,Private,Yes,35,0.03,20.31,0.01,0.18,0.38,0.06,1,0.34,349
Startup_292,Gaming,3,194.45,769.94,12.97,4429,9.12,1,2020,Europe,Acquired,No,6,0.04,59.36,0.00,0.18,0.13,0.91,0,0.28,404
Startup_293,EdTech,2,178.52,2199.49,41.33,3242,0.39,0,2003,North America,Private,Yes,23,0.06,53.22,0.01,0.50,0.41,0.04,1,0.46,194
Startup_294,E-Commerce,4,115.39,515.15,80.26,3898,3.62,0,1991,Asia,Acquired,No,35,0.03,6.42,0.02,0.12,0.80,0.36,0,0.36,327
Startup_295,AI,1,20.16,204.25,47.96,2010,0.26,1,2018,Europe,Private,No,8,0.01,4.26,0.02,0.05,0.48,0.03,0,0.17,475
Startup_296,IoT,5,246.54,3510.09,1.9,2021,0.86,0,2004,Europe,Private,Yes,22,0.12,1847.42,0.00,0.81,0.02,0.09,1,0.45,199
Startup_297,EdTech,2,111.86,1511.59,42.2,3176,9.12,0,2001,North America,Private,No,25,0.04,35.82,0.01,0.35,0.42,0.91,0,0.43,239
Startup_298,IoT,1,245.73,1556.22,2.81,2673,3.61,0,2017,South America,Acquired,No,9,0.09,553.81,0.00,0.36,0.03,0.36,0,0.21,462
Startup_299,AI,2,76.13,1006.24,96.63,1883,4.31,0,2009,Europe,IPO,No,17,0.04,10.41,0.05,0.23,0.97,0.43,0,0.46,195
Startup_300,HealthTech,3,0.81,2.43,12.83,1201,2.23,0,2013,South America,Acquired,No,13,0.00,0.19,0.01,0.00,0.13,0.22,0,0.08,496
Startup_301,AI,5,48.1,154.51,70.8,1777,6.01,1,2010,South America,Private,No,16,0.03,2.18,0.04,0.04,0.71,0.60,0,0.35,341
Startup_302,Cybersecurity,1,140.83,1440.78,97.28,166,5.99,1,1999,Australia,Private,Yes,27,0.85,14.81,0.59,0.33,0.98,0.60,1,0.68,33
Startup_303,AI,1,283.32,2090.22,82.62,3981,3.78,1,2003,North America,Private,Yes,23,0.07,25.30,0.02,0.48,0.83,0.38,1,0.64,47
Startup_304,AI,1,31.11,237.6,69.96,1756,3.4,0,2007,South America,Private,Yes,19,0.02,3.40,0.04,0.05,0.70,0.34,1,0.45,212
Startup_305,Cybersecurity,1,256.34,2505.29,83.96,780,8.86,0,2013,North America,Private,No,13,0.33,29.84,0.11,0.57,0.84,0.89,0,0.63,59
Startup_306,E-Commerce,1,158.34,839.42,98.18,944,3.89,0,2003,Australia,Private,No,23,0.17,8.55,0.10,0.19,0.98,0.39,0,0.44,223
Startup_307,Gaming,2,247.86,1373.41,62.17,3225,4.99,0,2001,North America,Private,No,25,0.08,22.09,0.02,0.32,0.62,0.50,0,0.40,272
Startup_308,AI,5,89.86,792.14,55.96,544,2.9,0,2011,Europe,Private,No,15,0.17,14.16,0.10,0.18,0.56,0.29,0,0.29,397
Startup_309,Cybersecurity,3,252.06,3037.59,62.86,4922,7.89,0,1995,South America,Private,No,31,0.05,48.32,0.01,0.70,0.63,0.79,0,0.59,80
Startup_310,EdTech,3,231.96,2420.26,53.31,1466,4.03,0,2011,North America,IPO,No,15,0.16,45.40,0.04,0.56,0.53,0.40,0,0.44,231
Startup_311,HealthTech,3,69.4,455.84,63.55,360,5.18,0,2003,Asia,Acquired,No,23,0.19,7.17,0.18,0.10,0.64,0.52,0,0.33,355
Startup_312,HealthTech,3,39.83,325.17,45.04,3609,2.61,1,2005,North America,Private,No,21,0.01,7.22,0.01,0.07,0.45,0.26,0,0.21,454
Startup_313,AI,2,260.48,1314.9,21.92,3328,9.88,1,2014,South America,Acquired,Yes,12,0.08,59.99,0.01,0.30,0.22,0.99,1,0.52,141
Startup_314,E-Commerce,4,288.99,1125.78,12.11,239,2.99,1,2021,Australia,Private,Yes,5,1.21,92.96,0.05,0.26,0.12,0.30,1,0.34,352
Startup_315,E-Commerce,5,9.88,122.44,6.93,1553,7.73,1,2022,Australia,Private,Yes,4,0.01,17.67,0.00,0.03,0.07,0.77,1,0.34,354
Startup_316,EdTech,1,219.52,1357.65,26.41,2101,4.33,1,2009,South America,Private,Yes,17,0.10,51.41,0.01,0.31,0.26,0.43,1,0.43,242
Startup_317,AI,4,272.9,1400.85,4.71,4218,2.14,0,2007,Europe,Private,Yes,19,0.06,297.42,0.00,0.32,0.05,0.21,1,0.32,370
Startup_318,HealthTech,3,257.28,2907.11,56.76,2106,8.02,0,1992,Europe,Acquired,No,34,0.12,51.22,0.03,0.67,0.57,0.80,0,0.56,103
Startup_319,E-Commerce,4,289.37,3014.26,28.45,1678,3.4,1,2012,Australia,Private,No,14,0.17,105.95,0.02,0.69,0.29,0.34,0,0.40,275
Startup_320,AI,5,228.15,2418,82.47,2105,8.67,1,2021,Australia,Private,Yes,5,0.11,29.32,0.04,0.55,0.83,0.87,1,0.77,9
Startup_321,IoT,1,132.97,764.14,7.52,3662,9.16,1,2005,South America,Private,Yes,21,0.04,101.61,0.00,0.18,0.08,0.92,1,0.42,253
Startup_322,E-Commerce,1,93.93,544.02,22.71,4658,8.61,1,1994,Europe,Private,Yes,32,0.02,23.96,0.00,0.12,0.23,0.86,1,0.43,232
Startup_323,Cybersecurity,5,96.56,545.53,73.05,3601,0.45,0,1993,Australia,Private,Yes,33,0.03,7.47,0.02,0.13,0.73,0.05,1,0.42,245
Startup_324,IoT,5,217.46,1105.79,59.92,3753,7.89,1,2010,Europe,Private,No,16,0.06,18.45,0.02,0.25,0.60,0.79,0,0.43,241
Startup_325,Gaming,3,223.88,2433.28,6.54,3178,4.17,1,2003,Australia,Private,Yes,23,0.07,372.06,0.00,0.56,0.07,0.42,1,0.45,209
Startup_326,E-Commerce,1,60.51,797.29,87.74,1820,8.75,0,2020,North America,Acquired,Yes,6,0.03,9.09,0.05,0.18,0.88,0.88,1,0.65,42
Startup_327,HealthTech,4,260.5,3045.72,87.74,3846,6.42,1,2003,Asia,Private,No,23,0.07,34.71,0.02,0.70,0.88,0.64,0,0.64,51
Startup_328,FinTech,2,214.62,2683.85,33.11,2010,8.35,0,1995,North America,Private,Yes,31,0.11,81.06,0.02,0.62,0.33,0.84,1,0.63,55
Startup_329,IoT,2,169.04,1328.25,34.11,4498,5.04,1,2001,Australia,Private,No,25,0.04,38.94,0.01,0.30,0.34,0.50,0,0.31,379
Startup_330,Gaming,5,141.72,1537.51,98.9,679,5.4,1,2005,Asia,Private,Yes,21,0.21,15.55,0.15,0.35,0.99,0.54,1,0.68,32
Startup_331,EdTech,3,163.2,1183.34,62.65,391,1.53,0,2006,Asia,Private,Yes,20,0.42,18.89,0.16,0.27,0.63,0.15,1,0.46,191
Startup_332,EdTech,2,48.19,448.46,53.18,2163,7.86,1,2012,Australia,Private,No,14,0.02,8.43,0.02,0.10,0.53,0.79,0,0.35,329
Startup_333,HealthTech,1,61.51,540.03,83.83,2666,4.25,0,2003,Australia,Private,Yes,23,0.02,6.44,0.03,0.12,0.84,0.43,1,0.53,131
Startup_334,E-Commerce,5,27.8,142.41,28.6,2069,5.05,1,1996,Europe,Acquired,No,30,0.01,4.98,0.01,0.03,0.29,0.51,0,0.20,465
Startup_335,AI,4,46.52,355.64,42.98,3856,7.87,0,2021,Australia,Private,Yes,5,0.01,8.27,0.01,0.08,0.43,0.79,1,0.47,190
Startup_336,E-Commerce,5,136.38,1986.49,26.85,3258,6.03,1,2004,South America,Acquired,No,22,0.04,73.98,0.01,0.46,0.27,0.60,0,0.36,320
Startup_337,HealthTech,4,159.34,953.33,78.94,4984,2.09,0,2006,Australia,Acquired,Yes,20,0.03,12.08,0.02,0.22,0.79,0.21,1,0.51,151
Startup_338,EdTech,5,5.85,26.94,57.38,4641,5.94,1,1994,South America,Private,No,32,0.00,0.47,0.01,0.01,0.58,0.59,0,0.29,391
Startup_339,E-Commerce,5,239.14,1918.61,65.92,4271,4.14,0,2016,Australia,Private,Yes,10,0.06,29.11,0.02,0.44,0.66,0.41,1,0.59,86
Startup_340,EdTech,5,88.6,1106.09,25.31,744,4.75,1,2012,Europe,Private,No,14,0.12,43.70,0.03,0.25,0.25,0.48,0,0.26,421
Startup_341,IoT,4,273.59,2732.01,22.1,1406,0.38,1,2003,South America,IPO,Yes,23,0.19,123.62,0.02,0.63,0.22,0.04,1,0.44,218
Startup_342,Gaming,4,290.27,3242.81,48.89,3264,2.18,1,2004,North America,Private,Yes,22,0.09,66.33,0.01,0.74,0.49,0.22,1,0.60,74
Startup_343,AI,5,56.04,295.69,73.78,2282,2.88,1,2022,South America,Private,Yes,4,0.02,4.01,0.03,0.07,0.74,0.29,1,0.45,203
Startup_344,IoT,2,138.9,1448.36,52.57,3909,7.16,1,2020,Europe,Private,Yes,6,0.04,27.55,0.01,0.33,0.53,0.72,1,0.57,102
Startup_345,EdTech,3,0.87,5.99,3.36,3928,0.21,0,2006,South America,Private,Yes,20,0.00,1.78,0.00,0.00,0.03,0.02,1,0.16,476
Startup_346,EdTech,3,179.7,2338.19,86.87,4219,4.15,0,2017,Australia,Private,No,9,0.04,26.92,0.02,0.54,0.87,0.42,0,0.53,128
Startup_347,FinTech,3,182.39,1924.5,6.56,3232,9.25,0,2008,Australia,Private,No,18,0.06,293.37,0.00,0.44,0.07,0.93,0,0.36,324
Startup_348,FinTech,4,74.64,402.03,95.59,2836,1.21,1,2012,Europe,Private,No,14,0.03,4.21,0.03,0.09,0.96,0.12,0,0.34,343
Startup_349,IoT,4,167.74,633.29,2.61,3763,5.21,1,2021,Asia,Acquired,Yes,5,0.04,242.64,0.00,0.15,0.03,0.52,1,0.31,375
Startup_350,Cybersecurity,2,68.05,238.96,69.48,2517,7.89,0,2002,Australia,Private,Yes,24,0.03,3.44,0.03,0.05,0.70,0.79,1,0.54,126
Startup_351,IoT,3,48.67,362.93,8.31,2156,9.43,1,2009,North America,Private,No,17,0.02,43.67,0.00,0.08,0.08,0.94,0,0.24,436
Startup_352,FinTech,3,195.63,1210.99,91.08,3680,7.49,1,1994,Europe,Private,Yes,32,0.05,13.30,0.02,0.28,0.91,0.75,1,0.67,37
Startup_353,EdTech,5,98.11,1054.98,46.5,2750,7.23,1,1998,South America,Acquired,Yes,28,0.04,22.69,0.02,0.24,0.47,0.72,1,0.52,140
Startup_354,HealthTech,4,177.28,1594.1,13.84,3871,8.28,0,2018,South America,Private,Yes,8,0.05,115.18,0.00,0.37,0.14,0.83,1,0.49,171
Startup_355,IoT,3,130.26,806.6,34.15,3769,4.52,0,1995,North America,Private,No,31,0.03,23.62,0.01,0.19,0.34,0.45,0,0.26,426
Startup_356,EdTech,2,295.31,1414.79,16.57,2227,8.08,0,2014,Australia,Private,No,12,0.13,85.38,0.01,0.32,0.17,0.81,0,0.33,359
Startup_357,HealthTech,2,45.3,205.05,17.14,2797,0.18,1,2020,Europe,Acquired,No,6,0.02,11.96,0.01,0.05,0.17,0.02,0,0.07,498
Startup_358,HealthTech,3,139.65,1867.95,94.82,1702,9.25,0,2011,North America,Private,Yes,15,0.08,19.70,0.06,0.43,0.95,0.93,1,0.77,8
Startup_359,FinTech,4,204.3,1209.81,44.58,3467,4.49,0,1991,Australia,Private,No,35,0.06,27.14,0.01,0.28,0.45,0.45,0,0.32,365
Startup_360,IoT,2,118.97,1287.32,78.9,4068,5.58,1,1994,Europe,Private,No,32,0.03,16.32,0.02,0.30,0.79,0.56,0,0.45,205
Startup_361,E-Commerce,5,292.42,3721.99,64,1529,2.62,1,2016,South America,IPO,Yes,10,0.19,58.16,0.04,0.85,0.64,0.26,1,0.69,23
Startup_362,AI,2,216.71,2247.06,67.67,4765,7.45,1,2014,Europe,Private,Yes,12,0.05,33.21,0.01,0.52,0.68,0.75,1,0.68,29
Startup_363,FinTech,1,197.27,2626.61,13.26,37,0.86,0,1997,Asia,Private,Yes,29,5.33,198.09,0.36,0.60,0.13,0.09,1,0.42,252
Startup_364,FinTech,1,227.24,1751.73,23.5,4030,8.74,0,1990,Europe,Acquired,No,36,0.06,74.54,0.01,0.40,0.24,0.87,0,0.39,286
Startup_365,E-Commerce,4,285.82,4137.15,78.7,2571,8.3,1,2009,Asia,Acquired,No,17,0.11,52.57,0.03,0.95,0.79,0.83,0,0.74,11
Startup_366,AI,3,272.39,1252.38,97.08,2808,2.24,0,2012,Europe,Private,Yes,14,0.10,12.90,0.03,0.29,0.97,0.22,1,0.59,84
Startup_367,EdTech,4,217.42,918.77,26.34,3901,8.11,0,2021,Asia,IPO,No,5,0.06,34.88,0.01,0.21,0.26,0.81,0,0.32,373
Startup_368,Cybersecurity,4,224.87,2452.05,27.23,3714,7.88,0,2000,South America,Acquired,No,26,0.06,90.05,0.01,0.56,0.27,0.79,0,0.44,228
Startup_369,IoT,4,44.2,632.68,47.34,724,6.36,0,2013,Australia,Private,No,13,0.06,13.36,0.07,0.15,0.47,0.64,0,0.32,367
Startup_370,Cybersecurity,4,31.29,397.59,98.39,4584,3.8,0,2000,Asia,Private,No,26,0.01,4.04,0.02,0.09,0.99,0.38,0,0.40,266
Startup_371,EdTech,5,171.49,671.73,26.97,977,2.79,0,2018,Asia,Acquired,No,8,0.18,24.91,0.03,0.15,0.27,0.28,0,0.19,470
Startup_372,Gaming,5,6,38.11,40.76,3723,2.39,0,2015,South America,Private,No,11,0.00,0.93,0.01,0.01,0.41,0.24,0,0.17,473
Startup_373,FinTech,2,144.97,2053.33,89.16,4407,3.25,0,2005,Asia,Acquired,No,21,0.03,23.03,0.02,0.47,0.89,0.33,0,0.50,157
Startup_374,AI,1,63.5,383.33,0.39,4557,9.05,1,2009,North America,Acquired,No,17,0.01,982.90,0.00,0.09,0.00,0.91,0,0.21,455
Startup_375,FinTech,4,104.13,1288.51,4.07,2212,0.87,0,1992,South America,Acquired,Yes,34,0.05,316.59,0.00,0.30,0.04,0.09,1,0.28,406
Startup_376,HealthTech,2,232.85,3004.13,60.45,4431,8.31,1,1990,North America,Private,No,36,0.05,49.70,0.01,0.69,0.61,0.83,0,0.59,82
Startup_377,FinTech,1,282.4,2526.19,90.75,4325,3.55,0,1990,South America,Acquired,Yes,36,0.07,27.84,0.02,0.58,0.91,0.36,1,0.70,21
Startup_378,FinTech,3,22.19,169.45,23.96,3035,5.26,0,2006,Asia,Acquired,No,20,0.01,7.07,0.01,0.04,0.24,0.53,0,0.19,471
Startup_379,EdTech,5,160.51,1348.52,47.02,3580,7.97,1,1991,North America,Private,No,35,0.04,28.68,0.01,0.31,0.47,0.80,0,0.41,261
Startup_380,EdTech,1,264.82,1515.72,45.1,3121,8.86,0,2018,Asia,Private,Yes,8,0.08,33.61,0.01,0.35,0.45,0.89,1,0.58,88
Startup_381,EdTech,3,25.21,344.69,47.35,3290,3.51,0,2009,South America,IPO,No,17,0.01,7.28,0.01,0.08,0.47,0.35,0,0.24,439
Startup_382,Cybersecurity,1,247.44,2080.34,62.29,648,4.67,0,1995,Asia,Private,No,31,0.38,33.40,0.10,0.48,0.62,0.47,0,0.45,210
Startup_383,HealthTech,5,107.66,1463.05,47.03,4716,4.2,1,1997,North America,Acquired,No,29,0.02,31.11,0.01,0.34,0.47,0.42,0,0.34,345
Startup_384,Gaming,5,96.97,413.9,44.8,199,0.23,0,2018,North America,Private,Yes,8,0.49,9.24,0.23,0.09,0.45,0.02,1,0.32,361
Startup_385,Gaming,2,293.25,4357.49,47.48,4001,3.03,0,2022,Asia,Private,No,4,0.07,91.78,0.01,1.00,0.48,0.30,0,0.55,117
Startup_386,EdTech,4,60.66,504.65,59.13,493,4.65,1,1992,Europe,Private,No,34,0.12,8.53,0.12,0.12,0.59,0.47,0,0.31,377
Startup_387,AI,1,208.11,743.78,53.75,2209,4.17,0,1994,South America,Private,Yes,32,0.09,13.84,0.02,0.17,0.54,0.42,1,0.45,198
Startup_388,Cybersecurity,1,246.52,852.04,85.43,2662,7.25,0,2016,South America,Private,No,10,0.09,9.97,0.03,0.20,0.86,0.73,0,0.47,183
Startup_389,E-Commerce,3,12.83,153.38,5.04,3281,3.91,0,2001,Asia,Acquired,No,25,0.00,30.43,0.00,0.04,0.05,0.39,0,0.11,495
Startup_390,AI,5,201.28,2195.65,83.35,1107,4.94,1,2009,Europe,Private,No,17,0.18,26.34,0.08,0.50,0.84,0.49,0,0.53,136
Startup_391,IoT,1,285.49,3604.47,84.41,1246,4.35,0,2009,North America,Acquired,Yes,17,0.23,42.70,0.07,0.83,0.85,0.44,1,0.78,7
Startup_392,IoT,5,37.7,160.77,28.56,520,7.43,0,1998,Australia,Private,No,28,0.07,5.63,0.05,0.04,0.29,0.74,0,0.25,433
Startup_393,AI,1,268.92,921.55,46.34,397,8.64,0,1993,Australia,Private,No,33,0.68,19.89,0.12,0.21,0.46,0.86,0,0.39,285
Startup_394,EdTech,2,178.64,1626.15,43.91,635,5.37,1,2008,Asia,Private,No,18,0.28,37.03,0.07,0.37,0.44,0.54,0,0.37,311
Startup_395,E-Commerce,4,185.17,1416.76,21.93,3721,7.92,0,2016,Europe,Private,Yes,10,0.05,64.60,0.01,0.33,0.22,0.79,1,0.49,168
Startup_396,E-Commerce,1,184.08,1572.66,39.74,1852,3.04,1,2002,Europe,Private,No,24,0.10,39.57,0.02,0.36,0.40,0.30,0,0.31,381
Startup_397,Cybersecurity,5,90,1340.92,4.53,2660,5.46,0,2002,South America,Private,Yes,24,0.03,296.01,0.00,0.31,0.05,0.55,1,0.38,298
Startup_398,E-Commerce,2,280.59,4110.36,27.85,984,3.52,1,2011,North America,IPO,No,15,0.29,147.59,0.03,0.94,0.28,0.35,0,0.48,173
Startup_399,IoT,1,284.23,4066.7,81.69,4534,4.2,1,2017,Europe,Private,Yes,9,0.06,49.78,0.02,0.93,0.82,0.42,1,0.81,4
Startup_400,HealthTech,3,187.78,2329.62,28.53,3407,7.35,0,2011,Australia,Private,Yes,15,0.06,81.66,0.01,0.53,0.29,0.74,1,0.57,99
Startup_401,EdTech,4,235.14,1706.67,81.84,3876,8.83,0,2008,North America,Private,No,18,0.06,20.85,0.02,0.39,0.82,0.88,0,0.56,112
Startup_402,E-Commerce,1,183.87,1460.95,53.21,282,1.3,0,1997,North America,Private,No,29,0.65,27.46,0.19,0.34,0.53,0.13,0,0.30,384
Startup_403,Cybersecurity,2,145.58,1396.9,88,237,6.38,0,1997,Asia,IPO,No,29,0.61,15.87,0.37,0.32,0.88,0.64,0,0.50,153
Startup_404,IoT,3,198.42,2572.8,57.52,1557,5.86,1,2015,Europe,Private,No,11,0.13,44.73,0.04,0.59,0.58,0.59,0,0.50,158
Startup_405,HealthTech,2,166.12,635.33,3.06,3275,1.27,0,2015,Asia,Private,Yes,11,0.05,207.62,0.00,0.15,0.03,0.13,1,0.24,440
Startup_406,FinTech,2,179.44,1451.95,67.57,2414,2.2,0,2012,Europe,Acquired,No,14,0.07,21.49,0.03,0.33,0.68,0.22,0,0.36,317
Startup_407,FinTech,3,235.26,939.02,4.58,3517,3.18,0,2002,South America,Private,No,24,0.07,205.03,0.00,0.22,0.05,0.32,0,0.15,487
Startup_408,HealthTech,2,144.53,1326.19,45.11,30,1.75,1,2017,Asia,Private,No,9,4.82,29.40,1.50,0.30,0.45,0.18,0,0.28,409
Startup_409,IoT,3,12.71,175.23,92.95,465,2.51,0,1998,Asia,Private,Yes,28,0.03,1.89,0.20,0.04,0.93,0.25,1,0.49,162
Startup_410,Cybersecurity,1,49.62,614.78,16.6,3769,2.75,0,2009,Australia,Private,No,17,0.01,37.03,0.00,0.14,0.17,0.28,0,0.15,485
Startup_411,HealthTech,3,131.86,756.1,39.05,3436,3.42,0,2008,Asia,IPO,No,18,0.04,19.36,0.01,0.17,0.39,0.34,0,0.25,435
Startup_412,EdTech,3,217.59,3201.16,73.01,3488,7.52,1,2001,Europe,Private,No,25,0.06,43.85,0.02,0.73,0.73,0.75,0,0.63,60
Startup_413,EdTech,4,178.19,1961.55,88.24,1999,5.76,1,2004,Australia,Private,Yes,22,0.09,22.23,0.04,0.45,0.88,0.58,1,0.69,28
Startup_414,FinTech,3,195.26,610.21,67.13,495,9.86,0,2020,Asia,Private,Yes,6,0.39,9.09,0.14,0.14,0.67,0.99,1,0.60,75
Startup_415,E-Commerce,3,144.04,873.6,25.89,1077,4.21,0,2003,Asia,Private,No,23,0.13,33.74,0.02,0.20,0.26,0.42,0,0.23,445
Startup_416,Cybersecurity,1,184.91,1133.23,67.49,3178,7.56,0,2000,South America,Acquired,No,26,0.06,16.79,0.02,0.26,0.68,0.76,0,0.45,215
Startup_417,FinTech,4,99.04,379.43,29.74,220,8.73,0,2015,Asia,Acquired,No,11,0.45,12.76,0.14,0.09,0.30,0.87,0,0.29,390
Startup_418,E-Commerce,5,141.32,2051.67,71.87,1728,6.82,1,2016,North America,Private,No,10,0.08,28.55,0.04,0.47,0.72,0.68,0,0.52,145
Startup_419,E-Commerce,1,223.41,1952.39,95.41,1597,4.18,1,2000,Australia,Private,Yes,26,0.14,20.46,0.06,0.45,0.96,0.42,1,0.68,34
Startup_420,Gaming,1,261.61,3597.08,72.17,2611,7.56,0,2008,North America,Private,Yes,18,0.10,49.84,0.03,0.83,0.72,0.76,1,0.81,3
Startup_421,EdTech,5,130.38,895.27,86.3,163,2.12,1,1995,Australia,Acquired,No,31,0.80,10.37,0.53,0.21,0.87,0.21,0,0.37,306
Startup_422,IoT,3,13.58,61.15,0.31,4786,3.34,0,2017,South America,Private,Yes,9,0.00,197.26,0.00,0.01,0.00,0.33,1,0.22,450
Startup_423,AI,2,48.92,425.21,71.79,3318,5.51,1,1990,Asia,Private,No,36,0.01,5.92,0.02,0.10,0.72,0.55,0,0.36,323
Startup_424,IoT,4,6.75,29.48,82.98,2846,5.8,1,1997,Asia,Private,Yes,29,0.00,0.36,0.03,0.01,0.83,0.58,1,0.52,143
Startup_425,AI,2,196.15,1732.43,4.15,1781,0.32,0,1996,Asia,Acquired,Yes,30,0.11,417.45,0.00,0.40,0.04,0.03,1,0.31,380
Startup_426,HealthTech,5,100.03,1404.78,87.17,2057,9.46,1,2000,Australia,Private,No,26,0.05,16.12,0.04,0.32,0.87,0.95,0,0.56,106
Startup_427,EdTech,1,162.97,1507.35,25.74,2300,7,0,1993,Asia,Private,Yes,33,0.07,58.56,0.01,0.35,0.26,0.70,1,0.49,167
Startup_428,E-Commerce,1,148.24,1541.4,66.56,1701,5.01,0,2014,North America,Private,No,12,0.09,23.16,0.04,0.35,0.67,0.50,0,0.42,244
Startup_429,Cybersecurity,4,24.92,121.6,80.06,2998,9.34,0,2001,Asia,Private,No,25,0.01,1.52,0.03,0.03,0.80,0.93,0,0.44,227
Startup_430,AI,1,121.28,427.49,66.3,2474,4.45,0,2015,South America,Private,No,11,0.05,6.45,0.03,0.10,0.66,0.45,0,0.32,360
Startup_431,IoT,1,66.56,288.18,9.32,1951,9.81,1,2001,North America,Private,No,25,0.03,30.92,0.00,0.07,0.09,0.98,0,0.25,434
Startup_432,E-Commerce,4,125.81,1281.05,59.67,3814,5.17,1,2013,Asia,Private,Yes,13,0.03,21.47,0.02,0.29,0.60,0.52,1,0.54,127
Startup_433,AI,4,61.47,254.49,55,2788,1.23,1,2005,Asia,Acquired,Yes,21,0.02,4.63,0.02,0.06,0.55,0.12,1,0.36,322
Startup_434,AI,5,252.22,1894.66,90.04,3649,7.67,1,2002,Europe,Private,Yes,24,0.07,21.04,0.02,0.43,0.90,0.77,1,0.73,13
Startup_435,Gaming,1,52.67,505.69,40.48,2505,6.82,1,2014,Australia,IPO,Yes,12,0.02,12.49,0.02,0.12,0.41,0.68,1,0.45,208
Startup_436,AI,1,288.25,2209.1,32.18,3650,7.75,0,1993,North America,Private,Yes,33,0.08,68.65,0.01,0.51,0.32,0.78,1,0.58,94
Startup_437,Cybersecurity,5,125.06,620.82,75.01,2650,9.52,0,2000,Europe,Private,No,26,0.05,8.28,0.03,0.14,0.75,0.95,0,0.47,188
Startup_438,EdTech,3,253.95,1596.2,41.33,2354,7.79,0,2021,South America,Private,No,5,0.11,38.62,0.02,0.37,0.41,0.78,0,0.41,262
Startup_439,Cybersecurity,3,188.82,2669.88,64.65,1937,6.15,1,1996,Australia,Private,No,30,0.10,41.30,0.03,0.61,0.65,0.62,0,0.53,130
Startup_440,FinTech,3,220.74,2452.82,64.68,3299,8.59,1,2000,North America,Acquired,Yes,26,0.07,37.92,0.02,0.56,0.65,0.86,1,0.71,16
Startup_441,E-Commerce,5,230.43,2062.94,88.82,1762,6.77,0,2017,Asia,Private,Yes,9,0.13,23.23,0.05,0.47,0.89,0.68,1,0.72,14
Startup_442,EdTech,1,151.7,478.25,59.91,1121,4.14,1,2012,North America,Private,No,14,0.14,7.98,0.05,0.11,0.60,0.41,0,0.30,386
Startup_443,Gaming,5,163.22,2433.44,50.27,2572,8.87,1,2012,Asia,IPO,Yes,14,0.06,48.41,0.02,0.56,0.50,0.89,1,0.67,36
Startup_444,EdTech,5,154.44,1707.71,13.97,3504,2.3,0,2017,Australia,Private,Yes,9,0.04,122.24,0.00,0.39,0.14,0.23,1,0.38,303
Startup_445,EdTech,3,176.62,1201.56,11.66,497,7.17,0,2015,Asia,Acquired,No,11,0.36,103.05,0.02,0.28,0.12,0.72,0,0.27,414
Startup_446,IoT,2,9.3,126.03,15.52,3311,8.83,0,2014,South America,Private,No,12,0.00,8.12,0.00,0.03,0.16,0.88,0,0.23,443
Startup_447,EdTech,1,118.96,725.8,17.27,624,7.34,0,2018,Asia,Private,No,8,0.19,42.03,0.03,0.17,0.17,0.73,0,0.26,427
Startup_448,Gaming,3,182.05,1734.61,63.82,3237,7,0,2008,South America,Acquired,No,18,0.06,27.18,0.02,0.40,0.64,0.70,0,0.47,182
Startup_449,Cybersecurity,2,179.52,1908.81,74.12,3828,7.55,0,2022,Australia,Private,No,4,0.05,25.75,0.02,0.44,0.74,0.76,0,0.53,134
Startup_450,EdTech,2,237.99,1345.3,53.05,2385,4.7,0,2003,Australia,IPO,No,23,0.10,25.36,0.02,0.31,0.53,0.47,0,0.36,319
Startup_451,HealthTech,4,196.68,2899.21,82.92,1551,8.75,0,2003,North America,Acquired,No,23,0.13,34.96,0.05,0.67,0.83,0.88,0,0.66,39
Startup_452,E-Commerce,1,297.64,3565.22,99.13,4963,2.11,1,2019,South America,IPO,No,7,0.06,35.97,0.02,0.82,0.99,0.21,0,0.63,61
Startup_453,EdTech,2,85.51,828.91,82.02,3568,1.36,0,2017,South America,Private,Yes,9,0.02,10.11,0.02,0.19,0.82,0.14,1,0.49,165
Startup_454,E-Commerce,3,108.07,558.41,69.52,1610,2.93,1,2006,Europe,Private,No,20,0.07,8.03,0.04,0.13,0.70,0.29,0,0.31,376
Startup_455,HealthTech,4,115.46,421,53.3,3757,5.36,0,1992,Europe,Private,Yes,34,0.03,7.90,0.01,0.10,0.53,0.54,1,0.45,206
Startup_456,HealthTech,1,140.01,957.77,44.94,4680,5.15,0,2005,Europe,Acquired,No,21,0.03,21.31,0.01,0.22,0.45,0.52,0,0.32,374
Startup_457,E-Commerce,5,250.88,3020.16,8.53,1895,8.22,1,2019,Asia,Acquired,No,7,0.13,354.06,0.00,0.69,0.09,0.82,0,0.43,235
Startup_458,AI,3,71.12,443.22,40,1280,4.11,0,2018,Europe,Private,Yes,8,0.06,11.08,0.03,0.10,0.40,0.41,1,0.39,284
Startup_459,FinTech,2,232.91,2206.75,91.02,2748,4.9,0,2004,South America,Private,No,22,0.08,24.24,0.03,0.51,0.91,0.49,0,0.55,119
Startup_460,IoT,2,121.89,1430.42,80.82,2498,0.23,1,2014,Asia,Private,No,12,0.05,17.70,0.03,0.33,0.81,0.02,0,0.36,318
Startup_461,AI,3,180.76,776.42,21.68,361,4.16,0,2012,Australia,Acquired,Yes,14,0.50,35.81,0.06,0.18,0.22,0.42,1,0.36,321
Startup_462,AI,2,189.95,2131.92,46.71,874,6.51,0,2014,North America,Private,No,12,0.22,45.64,0.05,0.49,0.47,0.65,0,0.44,221
Startup_463,Cybersecurity,4,112.17,460.17,81.69,890,0.25,0,1996,Europe,Private,No,30,0.13,5.63,0.09,0.11,0.82,0.03,0,0.29,400
Startup_464,IoT,1,154.03,2246,6.83,2006,2.88,0,2011,Australia,Private,No,15,0.08,328.84,0.00,0.52,0.07,0.29,0,0.26,424
Startup_465,IoT,4,124.2,1100.5,38.8,1288,2.16,0,2006,South America,Private,No,20,0.10,28.36,0.03,0.25,0.39,0.22,0,0.25,431
Startup_466,AI,2,21.21,101.98,85.2,624,0.52,0,2007,North America,Acquired,No,19,0.03,1.20,0.14,0.02,0.85,0.05,0,0.27,415
Startup_467,EdTech,5,131.43,934.28,40.45,887,4.84,1,1999,Australia,Private,No,27,0.15,23.10,0.05,0.21,0.41,0.48,0,0.29,393
Startup_468,Cybersecurity,1,29.67,236.2,7.85,801,1.9,1,1999,North America,Private,Yes,27,0.04,30.09,0.01,0.05,0.08,0.19,1,0.23,447
Startup_469,Cybersecurity,1,121.8,1473.56,54.3,3647,7.46,1,1996,Europe,Private,Yes,30,0.03,27.14,0.01,0.34,0.54,0.75,1,0.58,93
Startup_470,HealthTech,3,178.08,2122.91,86.19,3430,8.49,1,2016,South America,Private,Yes,10,0.05,24.63,0.03,0.49,0.86,0.85,1,0.75,10
Startup_471,Gaming,3,174.03,1800.04,59.07,1301,5.5,1,2022,North America,Private,Yes,4,0.13,30.47,0.05,0.41,0.59,0.55,1,0.58,90
Startup_472,IoT,5,198.96,849.79,22.71,4719,9.82,0,1990,Australia,Private,Yes,36,0.04,37.42,0.00,0.20,0.23,0.98,1,0.48,175
Startup_473,AI,1,29.03,139.89,38.49,249,4.56,1,1993,Europe,IPO,No,33,0.12,3.63,0.15,0.03,0.39,0.46,0,0.22,451
Startup_474,HealthTech,5,195.81,807.73,45.07,2900,5.18,1,2006,Europe,Private,Yes,20,0.07,17.92,0.02,0.19,0.45,0.52,1,0.45,202
Startup_475,E-Commerce,3,93.99,932.95,57.97,934,9.89,1,1993,Australia,Private,Yes,33,0.10,16.09,0.06,0.21,0.58,0.99,1,0.60,76
Startup_476,FinTech,3,120.01,1623.21,75.96,524,2.39,0,2015,Australia,Private,Yes,11,0.23,21.37,0.14,0.37,0.76,0.24,1,0.56,116
Startup_477,Gaming,1,257.47,2112.7,9.98,3217,9.43,0,1993,North America,Private,No,33,0.08,211.69,0.00,0.48,0.10,0.94,0,0.39,283
Startup_478,Gaming,4,3.2,15.78,88.98,2414,0.52,0,1990,Asia,IPO,No,36,0.00,0.18,0.04,0.00,0.89,0.05,0,0.28,407
Startup_479,Gaming,2,176.73,1713.66,1.33,12,4.52,1,1996,Europe,Private,No,30,14.73,1288.47,0.11,0.39,0.01,0.45,0,0.23,446
Startup_480,Cybersecurity,3,179.81,2290.96,37.07,2530,0.79,0,2019,North America,Private,Yes,7,0.07,61.80,0.01,0.53,0.37,0.08,1,0.46,193
Startup_481,E-Commerce,3,119.3,1419.73,2.84,3428,7.32,1,1998,Australia,Acquired,No,28,0.03,499.90,0.00,0.33,0.03,0.73,0,0.27,418
Startup_482,Gaming,4,71.49,970.65,39.36,2024,6.12,0,1997,North America,Private,Yes,29,0.04,24.66,0.02,0.22,0.39,0.61,1,0.47,186
Startup_483,E-Commerce,4,70.78,448.38,52.63,4595,7.1,0,2013,Australia,IPO,No,13,0.02,8.52,0.01,0.10,0.53,0.71,0,0.34,353
Startup_484,EdTech,5,265.17,1412.68,51.22,4287,3.81,0,2008,South America,Private,No,18,0.06,27.58,0.01,0.32,0.51,0.38,0,0.34,344
Startup_485,Gaming,5,132.89,1801.7,16.65,3672,3.76,0,2016,Australia,Private,No,10,0.04,108.21,0.00,0.41,0.17,0.38,0,0.27,417
Startup_486,FinTech,2,99.6,1084.72,64.61,3676,0.55,0,2021,Australia,Private,No,5,0.03,16.79,0.02,0.25,0.65,0.06,0,0.29,394
Startup_487,E-Commerce,2,134.91,908.1,4.57,2806,3.56,0,2003,Australia,Private,No,23,0.05,198.71,0.00,0.21,0.05,0.36,0,0.16,480
Startup_488,E-Commerce,1,200.98,2393.31,76.21,90,9.3,1,2007,Asia,Private,No,19,2.23,31.40,0.85,0.55,0.76,0.93,0,0.61,68
Startup_489,FinTech,5,44.15,564.3,94.67,3120,3.85,0,2017,Australia,Private,Yes,9,0.01,5.96,0.03,0.13,0.95,0.39,1,0.56,115
Startup_490,Gaming,3,135.11,1402.41,34.04,4237,8.33,0,2018,Europe,Private,No,8,0.03,41.20,0.01,0.32,0.34,0.83,0,0.38,294
Startup_491,FinTech,5,176.57,1987.23,51.77,2473,8.44,1,2005,Europe,Private,No,21,0.07,38.39,0.02,0.46,0.52,0.84,0,0.48,174
Startup_492,E-Commerce,3,284.6,2135.39,37.95,3624,3.8,1,2020,North America,Private,Yes,6,0.08,56.27,0.01,0.49,0.38,0.38,1,0.51,147
Startup_493,FinTech,4,76.13,720.52,0.77,1641,6.36,1,1993,Asia,Acquired,Yes,33,0.05,935.74,0.00,0.17,0.01,0.64,1,0.34,351
Startup_494,E-Commerce,5,108.1,1004.24,38.65,3588,1.04,0,2006,North America,Private,Yes,20,0.03,25.98,0.01,0.23,0.39,0.10,1,0.37,314
Startup_495,E-Commerce,4,114.12,1503.71,79.19,4014,1.13,1,2015,Europe,IPO,No,11,0.03,18.99,0.02,0.35,0.79,0.11,0,0.38,296
Startup_496,EdTech,2,181.86,2378.65,59.64,3331,0.58,1,1993,Europe,Private,Yes,33,0.05,39.88,0.02,0.55,0.60,0.06,1,0.53,129
Startup_497,AI,2,107.34,1394.58,10.22,2223,5.85,0,2019,South America,Private,Yes,7,0.05,136.46,0.00,0.32,0.10,0.59,1,0.41,256
Startup_498,E-Commerce,1,160.29,502.09,84.73,2222,4.32,0,2019,Australia,Private,No,7,0.07,5.93,0.04,0.12,0.85,0.43,0,0.38,295
Startup_499,Gaming,5,234.65,2814.52,53.16,4972,5.53,0,2011,Europe,Private,No,15,0.05,52.94,0.01,0.65,0.53,0.55,0,0.50,159
Startup_500,HealthTech,4,211.76,2563.17,84.19,2374,5.26,0,2000,North America,Private,No,26,0.09,30.45,0.04,0.59,0.84,0.53,0,0.56,104
